<keymap version="1" name="Windows copy" parent="$default">
  <action id="$Copy" />
  <action id="$Cut" />
  <action id="$Delete" />
  <action id="$Paste" />
  <action id="$Redo" />
  <action id="$SelectAll" />
  <action id="$Undo" />
  <action id="ActivateTerminalToolWindow" />
  <action id="ActivityTracker-Popup">
    <keyboard-shortcut first-keystroke="shift ctrl alt o" />
  </action>
  <action id="AddToFavoritesPopup" />
  <action id="Arrangement.Rule.Edit" />
  <action id="Arrangement.Rule.Match.Condition.Move.Down" />
  <action id="Arrangement.Rule.Match.Condition.Move.Up" />
  <action id="AutoIndentLines" />
  <action id="Back" />
  <action id="BraceOrQuoteOut" />
  <action id="ChangeSignature" />
  <action id="ChangeTypeSignature" />
  <action id="ChangesView.AddUnversioned" />
  <action id="ChangesView.Move" />
  <action id="ChangesView.Rename" />
  <action id="ChangesView.Revert" />
  <action id="ChangesView.SetDefault" />
  <action id="ChangesView.ShelveSilently" />
  <action id="ChangesView.UnshelveSilently" />
  <action id="CheckinProject" />
  <action id="ClassNameCompletion" />
  <action id="CloseActiveTab" />
  <action id="CloseContent" />
  <action id="CodeCompletion" />
  <action id="CodeInspection.OnEditor" />
  <action id="CollapseAll" />
  <action id="CollapseBlock" />
  <action id="CollapseExpandableComponent" />
  <action id="CollapseSelection" />
  <action id="CollapseTreeNode" />
  <action id="CommentByBlockComment" />
  <action id="CommentByLineComment" />
  <action id="CompareTwoFiles" />
  <action id="Console.Execute" />
  <action id="Console.Execute.Multiline" />
  <action id="Console.History.Browse" />
  <action id="Console.Open" />
  <action id="ContextHelp" />
  <action id="ConvertJavaToKotlin" />
  <action id="CopyElement" />
  <action id="CopyPaths" />
  <action id="CopyReference" />
  <action id="Debugger.EditTypeSource" />
  <action id="Diff.ShowDiff" />
  <action id="DomCollectionControl.Add" />
  <action id="DomElementsTreeView.AddElement" />
  <action id="EditBreakpoint" />
  <action id="EditPropertyValue" />
  <action id="EditSourceInNewWindow" />
  <action id="EditorAddOrRemoveCaret" />
  <action id="EditorAddRectangularSelectionOnMouseDrag" />
  <action id="EditorBackSpace">
    <keyboard-shortcut first-keystroke="back_space" />
  </action>
  <action id="EditorChooseLookupItem" />
  <action id="EditorChooseLookupItemDot" />
  <action id="EditorChooseLookupItemReplace" />
  <action id="EditorCodeBlockEnd" />
  <action id="EditorCodeBlockEndWithSelection" />
  <action id="EditorCodeBlockStart" />
  <action id="EditorCodeBlockStartWithSelection" />
  <action id="EditorCompleteStatement" />
  <action id="EditorCreateRectangularSelection" />
  <action id="EditorCreateRectangularSelectionOnMouseDrag" />
  <action id="EditorDeleteLine" />
  <action id="EditorDeleteToWordEnd" />
  <action id="EditorDeleteToWordStart" />
  <action id="EditorDownWithSelection" />
  <action id="EditorDuplicate" />
  <action id="EditorEscape" />
  <action id="EditorFocusGutter" />
  <action id="EditorIndentSelection" />
  <action id="EditorJoinLines" />
  <action id="EditorLeftWithSelection" />
  <action id="EditorLineEnd" />
  <action id="EditorLineEndWithSelection" />
  <action id="EditorLineStart" />
  <action id="EditorLineStartWithSelection" />
  <action id="EditorLookupDown" />
  <action id="EditorLookupUp" />
  <action id="EditorMatchBrace" />
  <action id="EditorMoveToPageBottom" />
  <action id="EditorMoveToPageBottomWithSelection" />
  <action id="EditorMoveToPageTop" />
  <action id="EditorMoveToPageTopWithSelection" />
  <action id="EditorNextWord" />
  <action id="EditorNextWordWithSelection" />
  <action id="EditorPageDown" />
  <action id="EditorPageDownWithSelection" />
  <action id="EditorPageUp" />
  <action id="EditorPageUpWithSelection" />
  <action id="EditorPasteFromX11" />
  <action id="EditorPasteSimple" />
  <action id="EditorPreviousWord" />
  <action id="EditorPreviousWordWithSelection" />
  <action id="EditorRightWithSelection" />
  <action id="EditorScrollDown" />
  <action id="EditorScrollToCenter" />
  <action id="EditorScrollUp" />
  <action id="EditorSelectWord" />
  <action id="EditorShowGutterIconTooltip" />
  <action id="EditorSplitLine" />
  <action id="EditorStartNewLine" />
  <action id="EditorStartNewLineBefore" />
  <action id="EditorTab" />
  <action id="EditorTextEnd" />
  <action id="EditorTextEndWithSelection" />
  <action id="EditorTextStart" />
  <action id="EditorTextStartWithSelection" />
  <action id="EditorToggleCase" />
  <action id="EditorToggleColumnMode" />
  <action id="EditorToggleInsertState" />
  <action id="EditorUnSelectWord" />
  <action id="EditorUnindentSelection" />
  <action id="EditorUpWithSelection" />
  <action id="EmmetNextEditPoint" />
  <action id="EmmetPreviousEditPoint" />
  <action id="ExpandAll" />
  <action id="ExpandExpandableComponent" />
  <action id="ExpandTreeNode" />
  <action id="ExportToTextFile" />
  <action id="ExtractFunctionToScope" />
  <action id="ExtractMethod" />
  <action id="FileChooser.GotoDesktop" />
  <action id="FileChooser.GotoHome" />
  <action id="FileChooser.GotoProject" />
  <action id="FileChooser.NewFolder" />
  <action id="FileChooser.TogglePathShowing" />
  <action id="FindUsages" />
  <action id="FindUsagesInFile" />
  <action id="FindWordAtCaret" />
  <action id="FocusEditor" />
  <action id="ForceRefresh" />
  <action id="Forward" />
  <action id="FullyExpandTreeNode" />
  <action id="Generate" />
  <action id="Git.Branches" />
  <action id="GotoClass" />
  <action id="GotoFile" />
  <action id="GotoLine" />
  <action id="GotoNextError" />
  <action id="GotoPreviousError" />
  <action id="GotoSymbol" />
  <action id="HideActiveWindow" />
  <action id="HideAllWindows" />
  <action id="HighlightUsagesInFile" />
  <action id="HippieBackwardCompletion" />
  <action id="HippieCompletion" />
  <action id="ImplementMethods" />
  <action id="Inline" />
  <action id="InsertLiveTemplate" />
  <action id="IntroduceConstant" />
  <action id="IntroduceField" />
  <action id="IntroduceFunctionalParameter" />
  <action id="IntroduceParameter" />
  <action id="IntroduceTypeAlias" />
  <action id="IntroduceVariable" />
  <action id="JumpToLastChange" />
  <action id="JumpToLastWindow" />
  <action id="MaintenanceAction" />
  <action id="MaximizeToolWindow" />
  <action id="MethodOverloadSwitchDown" />
  <action id="MethodOverloadSwitchUp" />
  <action id="Move" />
  <action id="MoveElementLeft" />
  <action id="MoveElementRight" />
  <action id="MoveLineDown" />
  <action id="MoveLineUp" />
  <action id="MoveStatementDown" />
  <action id="MoveStatementUp" />
  <action id="NewElementSamePlace" />
  <action id="NextParameter" />
  <action id="NextProjectWindow" />
  <action id="NextTab" />
  <action id="NextTemplateVariable" />
  <action id="OpenElementInNewWindow" />
  <action id="OptimizeImports" />
  <action id="OverrideMethods" />
  <action id="PasteMultiple" />
  <action id="PrevParameter" />
  <action id="PreviousProjectWindow" />
  <action id="PreviousTab" />
  <action id="PreviousTemplateVariable" />
  <action id="ProjectRefreshAction" />
  <action id="ProjectViewChangeView" />
  <action id="QuickActionPopup" />
  <action id="QuickChangeScheme" />
  <action id="RecentFiles" />
  <action id="Refactorings.QuickListPopupAction" />
  <action id="ReformatCode" />
  <action id="Refresh" />
  <action id="RenameElement" />
  <action id="ReplaceInPath" />
  <action id="Rerun" />
  <action id="RerunTests" />
  <action id="ResizeToolWindowDown" />
  <action id="ResizeToolWindowLeft" />
  <action id="ResizeToolWindowRight" />
  <action id="ResizeToolWindowUp" />
  <action id="RestoreDefaultLayout" />
  <action id="RunClass" />
  <action id="SafeDelete" />
  <action id="SelectAllOccurrences" />
  <action id="SelectIn" />
  <action id="SelectNextOccurrence" />
  <action id="SendEOF" />
  <action id="ServiceView.GroupByContributor" />
  <action id="ServiceView.GroupByServiceGroups" />
  <action id="ServiceView.ShowServices" />
  <action id="ShelveChanges.UnshelveWithDialog" />
  <action id="ShelvedChanges.Rename" />
  <action id="ShowContent" />
  <action id="ShowFilterPopup" />
  <action id="ShowIntentionActions" />
  <action id="ShowNavBar" />
  <action id="ShowPopupMenu" />
  <action id="ShowReformatFileDialog" />
  <action id="ShowSearchHistory" />
  <action id="ShowSettingsAndFindUsages" />
  <action id="ShowUsages" />
  <action id="SmartTypeCompletion" />
  <action id="SurroundWith" />
  <action id="SurroundWithLiveTemplate" />
  <action id="Switcher" />
  <action id="ToggleFindInSelection" />
  <action id="ToggleRenderedDocPresentation" />
  <action id="Unwrap" />
  <action id="UsageView.Include" />
  <action id="Vcs.MoveChangedLinesToChangelist" />
  <action id="Vcs.Push" />
  <action id="Vcs.QuickListPopupAction" />
  <action id="Vcs.RollbackChangedLines" />
  <action id="Vcs.ShowMessageHistory" />
  <action id="Vcs.ToggleAmendCommitMode" />
  <action id="Vcs.UpdateProject" />
  <action id="VcsHistory.ShowAllAffected" />
  <action id="VcsShowNextChangeMarker" />
  <action id="VcsShowPrevChangeMarker" />
  <action id="XDebugger.NewWatch" />
  <action id="XDebugger.SetValue" />
</keymap>